BRIN_NR;NAAM_INST;RAPPORTAGEMAAND;PERSOONSGEBONDENNUMMER;ACHTERNAAM;VOORVOEGSEL;ALLE_VOORNAMEN;WOONGEMEENTE;GEBOORTEDATUM;ONDERWIJSCODE;ONDERWIJSNAAM;LEERWEG;DATUM_UITSCHRIJVING;MELDING_VERZUIM_WETTELIJK;REDEN;BRIN;NAAM_INSTELLING;ONDERWIJSAANBIEDERCODE;NAAM_ONDERWIJSAANBIEDER;MELDING_VERZUIM_NIET_WETTELIJK;GEMEENTECODE;RMC_REGIO;REDEN_UITSTROOM;LOCATIECODE;ONDERWIJSLOCATIECODE;POSTCODE_ONDERWIJSLOCATIE;HUISNUMMER_ONDERWIJSLOCATIE;BRIN_VOLGNUMMER;NIVEAU;INSCHRIJVINGSVOLGNUMMER;STRAAT;HUISNUMMER;HUISLETTER;HUISNUMMER_TOEVOEGING;HUISNUMMER_AANDUIDING;ADRES_LOCATIE;POSTCODE;WOONPLAATS;VANAF_WANNEER
27GZ;ROC Mondriaan;202210;439106325;Wildschut;;Cenne;'S-GRAVENHAGE;03-10-2002;25601;Vavo Atheneum Zonder Profiel;BOL;;J;;27GZ;ROC Mondriaan;100A178;Beauty, Hair & Fashion;N;488;REGIO 28;;;100X758;2512ER;17;;Mbo4 opleidingen;1;Bachsingel;129.0;;;;;2273KA;'S-GRAVENHAGE;202210
27GZ;ROC Mondriaan;202210;817227075;Santen;;Daaliyah Ashley;'S-GRAVENHAGE;08-03-2002;25652;Logistiek teamleider;BOL;;J;;27GZ;ROC Mondriaan;100A191;School voor Autotechniek en Mobiliteit;N;1725;REGIO 28;;;100X747;2595GA;1;;Mbo4 opleidingen;2;Spinozaplantsoen;47.0;;;;;2547EW;'S-GRAVENHAGE;202210
27GZ;ROC Mondriaan;202210;377517486;Chaibou;;Talita;'S-GRAVENHAGE;23-05-2004;23217;Mbo- Verpleegkunde;EX;;J;;27GZ;ROC Mondriaan;100A184;International Hotel and Management School;N;308;REGIO 28;;;100X749;2595GA;1;;Mbo3 opleidingen;A1;Wollegras;26.0;;;;;2631WJ;DEN HOORN ZH;202210
27GZ;ROC Mondriaan;202210;639213323;Helali;;Lars Ronny Krijn;ZOETERMEER;15-07-2005;25582;Vavo Atheneum Nieuw Profiel Economie en Maatschappij;BOL;;J;;27GZ;ROC Mondriaan;100A196;School voor Zorg en Welzijn Den Haag;N;507;REGIO 36;;;100X746;2544ED;1;;HAVO/VWO bovenbouw;1;Emiratenstraat;22.0;;;;;2623MA;SCHIEDAM;202210
27GZ;ROC Mondriaan;202210;779477411;Demir;;Kimberly Elly;'S-GRAVENHAGE;08-11-2003;25362;Helpende Zorg en Welzijn;BOL;;J;;27GZ;ROC Mondriaan;100A172;School voor Orde & Veiligheid;N;571;REGIO 28;;;100X758;2493WN;4;;Mbo4 opleidingen;1;Jan ten Brinkstraat;19.0;;;;;2631NP;KATWIJK ZH;202210
27GZ;ROC Mondriaan;202210;504038358;Bruijn;;Nena;DELFT;10-01-2001;25628;Zelfstandig werkend gastheer/-vrouw;BOL;;J;;27GZ;ROC Mondriaan;100A172;School voor ICT;N;491;REGIO 28;;;111X981;2521DB;16;;Mbo4 opleidingen;2;Kuifduikerstraat;9.0;J;;;;2542CN;LEIDSCHENDAM;202210
27GZ;ROC Mondriaan;202210;146642039;Butt;;Joup Victor;HAARLEMMERMEER;30-04-2005;25253;Software developer;BOL;;J;;27GZ;ROC Mondriaan;100A174;School voor Autotechniek en Mobiliteit;N;1739;REGIO 28;;;100X756;2512ER;68;;Mbo4 opleidingen;1;Buenos Aireshof;107.0;;;;;2493BL;NOORDWIJKERHOUT;202210
27GZ;ROC Mondriaan;202210;467828543;Boer;;Johannes Adrianus;LEIDSCHENDAM-VOORBURG;12-12-2002;25748;Manager/ondernemer horeca;BOL;;J;;27GZ;ROC Mondriaan;100A179;School voor Retail en Logistiek Delft;N;1620;REGIO 28;;;100X747;2593AN;26;;Mbo4 opleidingen;1;Coolhaven;196.0;;;;;2552ZK;'S-GRAVENHAGE;202210
27GZ;ROC Mondriaan;202210;509410952;Khemai;;Naomi;KATWIJK;27-10-2005;25573;Kapper;BOL;;J;;27GZ;ROC Mondriaan;100A189;School voor Economie Delft;N;1755;REGIO 28;;;111X981;2595GA;67;;Mbo2 opleidingen;2;Judith Leysterstraat;123.0;;;;;2353HV;MONSTER;202210
27GZ;ROC Mondriaan;202210;348349975;Youssef;;Asmaa;'S-GRAVENHAGE;28-08-2006;25537;Pedagogisch medewerker kinderopvang;EX;;J;;27GZ;ROC Mondriaan;100A198;VAVO Haaglanden;N;1800;REGIO 26;;;100X750;2593AN;16;;Mbo4 opleidingen;1;Kouterstraat;67.0;;;;;3151RD;Rotterdam;202210
27GZ;ROC Mondriaan;202210;154341740;Yildiz;;Tim Daniel;VOORSCHOTEN;20-08-2004;25666;Begeleider specifieke doelgroepen;BOL;;J;;27GZ;ROC Mondriaan;100A176;School voor Autotechniek en Mobiliteit;N;502;REGIO 28;;;111X981;2521DB;7;;Mbo4 opleidingen;2;Draaistraat;25.0;A;;;;2807GD;HONSELERSDIJK;202210
27GZ;ROC Mondriaan;202210;387781177;Reitsma;;Aleyna Arife;WESTLAND;01-01-2000;25762;Pedagogisch medewerker kinderopvang;BOL;;J;;27GZ;ROC Mondriaan;100A181;VAVO Haaglanden;N;488;REGIO 26;;;100X746;2544ED;6;;Mbo3 opleidingen;1;Ammunitiehaven;21.0;;;;;2542XB;WATERINGEN;202210
27GZ;ROC Mondriaan;202210;274849241;Hadiaoui;;Boudewijn Arend;'S-GRAVENHAGE;08-08-2003;25641;Aankomend medewerker grondoptreden;BBL;;J;;27GZ;ROC Mondriaan;100A178;School voor Entreeopleidingen;N;1752;REGIO 26;;;100X746;2612CA;31;;Mbo4 opleidingen;1;Sasboutstraat;384.0;;;;;2631LE;'S-GRAVENHAGE;202210
27GZ;ROC Mondriaan;202210;564747098;Doomen;;Romy Priscilla;'S-GRAVENHAGE;20-05-2002;25620;Assistent verkoop/retail;BOL;;J;;27GZ;ROC Mondriaan;100A189;School voor Zorg en Welzijn Leiden;N;1752;REGIO 27;;;100X756;2512ER;307;;Mbo4 opleidingen;2;Loevesteinlaan;442.0;;;;;1946AG;NAALDWIJK;202210
27GZ;ROC Mondriaan;202210;780199353;Noordhuizen;;Thomas;LEIDSCHENDAM-VOORBURG;26-03-2006;25215;Vavo Havo Zonder Profiel;BOL;;J;;27GZ;ROC Mondriaan;100A179;Beauty, Hair & Fashion;N;547;REGIO 41;;;100X747;2595GA;16;;Mbo4 opleidingen;1;Gabriël Metsustraat;137.0;;;;;2551JP;ZOETERMEER;202210
27GZ;ROC Mondriaan;202210;429152562;Uslu;;Tim;KAAG EN BRAASSEM;19-07-2003;25629;Vavo Havo voorexamenklas;BOL;;J;;27GZ;ROC Mondriaan;100A177;School voor Business support;N;492;REGIO 28;;;100X758;2521DB;15;;Mbo4 opleidingen;1;Kepplerstraat;383.0;;;;;2628VK;RIJSWIJK ZH;202210
27GZ;ROC Mondriaan;202210;767093564;Velde;;Mahnoor;'S-GRAVENHAGE;30-08-2004;25340;Gespecialiseerd pedagogisch medewerker;BOL;;J;;27GZ;ROC Mondriaan;100A173;School voor Horeca & Facilitaire dienstverlening;N;1657;REGIO 28;;;100X746;2332AA;43;;Mbo4 opleidingen;1;Dedemsvaartweg;126.0;;;;;2498AG;DELFT;202210
27GZ;ROC Mondriaan;202210;165232744;Graaf;Bij de;Raida;'S-GRAVENHAGE;23-02-2003;25404;Leidinggevende travel & hospitality;BBL;;J;;27GZ;ROC Mondriaan;100A196;School voor Maatschappelijke zorg en Verzorgende;N;1744;REGIO 28;;;100X746;2512ER;49;;Mbo4 opleidingen;1;Stadhoudersring;71.0;;;22;;2492NX;RIJSWIJK ZH;202210
27GZ;ROC Mondriaan;202210;760873220;Akyüz;de;Jamai Ado Jan;'S-GRAVENHAGE;15-03-2001;25535;Expert IT systems and devices;;;J;;27GZ;ROC Mondriaan;100A184;School voor Gezondheidszorg Den Haag;N;608;REGIO 28;;;100X757;2512ER;8;;Mbo4 opleidingen;1;Oosterkerkstraat;13.0;D;;;;2551NE;Haastrecht;202210
27GZ;ROC Mondriaan;202210;200322581;Sobczyk;;Thomas;'S-GRAVENHAGE;02-10-2003;25626;Pedagogisch medewerker kinderopvang;BOL;;J;;27GZ;ROC Mondriaan;100A182;School voor Zorg en Welzijn Delft;N;1688;REGIO 28;;;100X747;2512ER;6;;Mbo2 opleidingen;1;Oude Bovendijk;128.0;;;;;2526HL;'S-GRAVENHAGE;202210
27GZ;ROC Mondriaan;202210;840945893;Middendorp;;Sanne Chloe;DELFT;01-12-2004;25622;Fashion;BOL;;J;;27GZ;ROC Mondriaan;100A195;International Hotel and Management School;N;491;REGIO 28;;;100X755;2612CA;6;;Mbo4 opleidingen;1;;21.0;;;;;2593XN;WARMOND;202210
27GZ;ROC Mondriaan;202210;985958241;Abdellaoui;;Nimeesha Altagracia;'S-GRAVENHAGE;04-09-2006;25226;Bedrijfsadministrateur;BOL;;J;;27GZ;ROC Mondriaan;100A188;School voor Technologie en Engineering;N;558;REGIO 28;;;100X750;2544ED;6;;Mbo4 opleidingen;2;Middenstede;92.0;;;;;2547EP;'S-GRAVENHAGE;202210
27GZ;ROC Mondriaan;202210;352968645;Mulder;;Anis;ALPHEN AAN DEN RIJN;06-07-2002;25705;Gespecialiseerd pedagogisch medewerker;BOL;;J;;27GZ;ROC Mondriaan;100A182;School voor Bouw en Infra;N;552;REGIO 28;;;100X756;2544ED;1;;Mbo4 opleidingen;1;Goeverneurplein;12.0;;;;;2685AA;'S-GRAVENHAGE;202210
27GZ;ROC Mondriaan;202210;887835865;Borst;van;Megan Francis;KATWIJK;14-03-2004;25709;Bedrijfsadministrateur;BBL;;J;;27GZ;ROC Mondriaan;100A178;School voor Horeca & Facilitaire dienstverlening;N;499;REGIO 27;;;100X746;2512ER;6;;Mbo3 opleidingen;1;Molenstraat;111.0;;;;;2526LX;ZOETERMEER;202210
27GZ;ROC Mondriaan;202210;675683698;Lachman;;Djordy Joey;SCHIEDAM;01-02-2005;25662;Vavo Havo Nieuw Profiel Cultuur en Maatschappij;;;J;;27GZ;ROC Mondriaan;100A175;Beauty, Hair & Fashion;N;350;REGIO 28;;;100X753;2493WN;17;;Mbo3 opleidingen;2;Loolaan;361.0;;;;;2341KE;VOORBURG;202210
27GZ;ROC Mondriaan;202210;254418653;Bayram;El;Gabriela Alexandra Irena;PIJNACKER-NOOTDORP;11-03-2005;25320;Business support;BOL;;J;;27GZ;ROC Mondriaan;101A783;School voor Maatschappelijke zorg en Verzorgende;N;1732;REGIO 28;;;100X746;2521DB;8;;HAVO/VWO bovenbouw;1;Mijdrechtstraat;52.0;;;;;2532SZ;NOOTDORP;202210
27GZ;ROC Mondriaan;202210;801676967;Homan;;Jonathan Marius Johannes;'S-GRAVENHAGE;01-03-2001;25638;Sociaal werker;BBL;;J;;27GZ;ROC Mondriaan;100A190;School voor Gezondheidszorg Den Haag;N;496;REGIO 28;;;100X758;2593AN;6;;Mbo4 opleidingen;1;Alferbos;200.0;;;;;2572VB;WASSENAAR;202210
27GZ;ROC Mondriaan;202210;670894373;Bom;van 't;Walid;'S-GRAVENHAGE;09-12-2003;25789;Logistiek supervisor;;;J;;27GZ;ROC Mondriaan;100A172;School voor Retail en Logistiek Delft;N;1776;REGIO 28;;;100X753;2612CA;47;;Mbo4 opleidingen;1;Leliestraat;16.0;;;;;3193XE;KATWIJK ZH;202210
27GZ;ROC Mondriaan;202210;474744702;Chen;;Valérie Aimée;'S-GRAVENHAGE;07-07-2004;25287;Technisch Specialist Personenauto's;EX;;J;;27GZ;ROC Mondriaan;100A192;School voor Zorg en Welzijn Den Haag;N;578;REGIO 28;;;100X746;2627BK;46;;Mbo3 opleidingen;3;Koolwitjelaan;464.0;;;;;2496NW;HEILIG LANDSTICHTING;202210
27GZ;ROC Mondriaan;202210;227575689;Groenewegen;;Ryan;MIDDEN-DELFLAND;21-01-2003;25770;Assistent horeca, voeding of voedingsindustrie;BOL;;J;;27GZ;ROC Mondriaan;100A189;School voor Horeca & Facilitaire dienstverlening;N;499;REGIO 28;;;100X758;2595GA;16;;Mbo4 opleidingen;1;Laan van Nieuw Oosteinde;14.0;;;;;2401JS;;202210
27GZ;ROC Mondriaan;202211;814894410;Demir;;Aleyna Arife;'S-GRAVENHAGE;13-09-2001;25310;Mbo- Verpleegkunde;BBL;;J;;27GZ;ROC Mondriaan;100A172;School voor Business support;N;484;REGIO 28;;;100X746;2493WN;7;;Mbo4 opleidingen;1;Vrederustlaan;486.0;;;;;2716GM;'S-GRAVENHAGE;202211
27GZ;ROC Mondriaan;202211;944365856;Teeling;;Lola;'S-GRAVENHAGE;22-11-2005;25227;Mbo-Verpleegkundige;BOL;;J;;27GZ;ROC Mondriaan;100A191;School voor Zorg en Welzijn Den Haag;N;581;REGIO 28;;;100X755;2493WN;7;;Mbo4 opleidingen;1;Cartesiusstraat;107.0;;;;;2526PM;BERGEN OP ZOOM;202211
27GZ;ROC Mondriaan;202211;739417318;Grootveld;;Sweja Hélène;'S-GRAVENHAGE;26-08-2005;25244;Verzorgende-IG;BOL;;J;;27GZ;ROC Mondriaan;100A174;School voor Zorg en Welzijn Delft;N;1678;REGIO 28;;;100X747;2493WN;6;;Mbo4 opleidingen;1;Mary Zeldenrustweg;289.0;;;;;2545DP;'S-GRAVENHAGE;202211
27GZ;ROC Mondriaan;202211;344347709;Korving;van;Sidney;'S-GRAVENHAGE;17-09-2003;25280;Business support;;;J;;27GZ;ROC Mondriaan;101A783;School voor Horeca & Facilitaire dienstverlening;N;574;REGIO 28;;;100X758;2595GA;8;;Mbo2 opleidingen;1;Prins Mauritslaan;158.0;A;;;;2544HS;NOOTDORP;202211
27GZ;ROC Mondriaan;202211;659938218;Öztürk;van;Alec;RIJSWIJK;10-12-2004;25308;Financieel administratief medewerker;BBL;;J;;27GZ;ROC Mondriaan;100A189;School voor Maatschappelijke zorg en Verzorgende;N;1761;REGIO 28;;;100X757;2544ED;130;;Mbo4 opleidingen;3;Westzijdeweg;27.0;;;22;;2525SZ;'S-GRAVENHAGE;202211
27GZ;ROC Mondriaan;202211;275137579;Ali;;Lavanya Devi Farideh Zohra;LEIDSCHENDAM-VOORBURG;10-08-2000;25668;Assistent dienstverlening;BOL;;J;;27GZ;ROC Mondriaan;100A190;School voor Lifestyle, Sport en Bewegen;N;506;REGIO 18;;;100X757;2612CA;15;;Mbo2 opleidingen;2;Abel Tasmankade;33.0;;;;;3628EV;NAALDWIJK;202211
27GZ;ROC Mondriaan;202211;480668640;Zeeland;;Feie Elius;DELFT;28-08-2003;25322;Vavo Havo Zonder Profiel;;;J;;27GZ;ROC Mondriaan;100A177;School voor Zorg en Welzijn Delft;N;500;REGIO 28;;;100X758;2521DB;9;;Mbo4 opleidingen;A2;Korenmaat;938.0;;;;;2625TB;LEIDSCHENDAM;202211
27GZ;ROC Mondriaan;202211;473538913;Lamkhizni;;Jim;ROTTERDAM;18-07-2004;25704;Gespecialiseerd pedagogisch medewerker;BOL;;J;;27GZ;ROC Mondriaan;100A191;School voor Economie Delft;N;498;REGIO 30;;;100X758;2672ZX;13;;HAVO/VWO bovenbouw;1;Multatulistraat;121.0;;;;;2292BB;MAASDIJK;202211
27GZ;ROC Mondriaan;202211;906944502;Treebusch;;Esmee Alida Julia;'S-GRAVENHAGE;10-06-2003;25272;Technicus elektrotechnische installaties woning en utiliteit;BOL;;J;;27GZ;ROC Mondriaan;100A189;School voor Lifestyle, Sport en Bewegen;N;1748;REGIO 27;;;111X981;2493WN;49;;Mbo4 opleidingen;A2;Damasstraat;14.0;;;;;2685TJ;BLEISWIJK;202211
27GZ;ROC Mondriaan;202211;816021275;Giersbergen;Van der;Kimberly Elly;HAARLEM;17-01-2004;25587;Assistent metaal-, elektro- en installatietechniek;BOL;;J;;27GZ;ROC Mondriaan;100A191;International Hotel and Management School;N;507;REGIO 26;;;100X747;2628AL;72;;Mbo3 opleidingen;2;Breukelensestraat;25.0;;;;;2241TM;DELFGAUW;202211
27GZ;ROC Mondriaan;202211;813227480;Korving;;Nurselin;DELFT;15-08-2004;25302;Technicus engineering;BOL;;J;;27GZ;ROC Mondriaan;101A783;School voor Economie en Juridische beroepen;N;1687;REGIO 28;;;100X752;2491BE;6;;Mbo4 opleidingen;2;Vulcanusweg;96.0;;;;;3142LP;;202211
27GZ;ROC Mondriaan;202211;928710419;Ramsaran;;Joey Corné;'S-GRAVENHAGE;29-05-2002;25137;Technicus engineering;BOL;;J;;27GZ;ROC Mondriaan;100A172;School voor Zorg en Welzijn Delft;N;603;REGIO 26;;;100X750;2493WN;314;;Mbo4 opleidingen;1;Van Almondestraat;113.0;;;;;2548WB;VOORBURG;202211
27GZ;ROC Mondriaan;202211;804748798;Veldhuizen;;Julia;DELFT;19-11-2004;25760;Helpende Zorg en Welzijn;BOL;;J;;27GZ;ROC Mondriaan;100A173;School voor Autotechniek en Mobiliteit;N;482;REGIO 28;;;111X981;2612CA;7;;Mbo4 opleidingen;1;Het Zicht;17.0;;;;;2515VC;'S-GRAVENHAGE;202211
27GZ;ROC Mondriaan;202211;739799306;Lieshout;van;Anouk Martina;'S-GRAVENHAGE;08-03-2005;25112;Assistent dienstverlening;BOL;;J;;27GZ;ROC Mondriaan;101A729;VAVO Haaglanden;N;1786;REGIO 28;;;100X750;2493WN;1;;HAVO/VWO bovenbouw;1;Bloemendaalselaan;93.0;;;;;2591VV;;202211
27GZ;ROC Mondriaan;202211;271205898;Benali;;Chirine;'S-GRAVENHAGE;12-01-2006;25692;Assistent logistiek;BOL;;J;;27GZ;ROC Mondriaan;100A190;School voor Economie en Juridische beroepen;N;1712;REGIO 28;;;100X753;2612CA;1;;Mbo3 opleidingen;1;Schoutendreef;268.0;;;;;2492RC;VOORBURG;202211
27GZ;ROC Mondriaan;202211;882119087;Blaauw;;Dina;'S-GRAVENHAGE;08-11-2003;25207;Technicus engineering;BOL;;J;;27GZ;ROC Mondriaan;100A196;School voor Pedagogische en Sociale beroepen;N;1716;REGIO 28;;;100X746;2493WN;7;;Mbo4 opleidingen;1;Faberlaan;381.0;;;;;2266KL;'S-GRAVENHAGE;202211
27GZ;ROC Mondriaan;202211;138407468;Heuvel;;Evi;'S-GRAVENHAGE;08-11-2001;25207;IT systems and devices;BOL;;J;;27GZ;ROC Mondriaan;100A190;School voor Zorg en Welzijn Leiden;N;1743;REGIO 26;;;100X750;2521DB;7;;HAVO/VWO bovenbouw;3;Kruisstraat;112.0;;;;;2545KE;'S-GRAVENHAGE;202211
27GZ;ROC Mondriaan;202211;830288160;Bulut;van der;Mark Wouter;'S-GRAVENHAGE;23-01-2003;25582;Mbo- Verpleegkunde;BBL;;J;;27GZ;ROC Mondriaan;100A192;School voor Entreeopleidingen;N;507;REGIO 27;;;100X755;2521DB;7;;HAVO/VWO bovenbouw;1;Windlusthof;65.0;;;;;2517VZ;'S-GRAVENHAGE;202211
27GZ;ROC Mondriaan;202211;975670599;Sewgobind;van der;Manar;'S-GRAVENHAGE;22-11-2002;25510;Pedagogisch medewerker kinderopvang;;;J;;27GZ;ROC Mondriaan;100A173;School voor Economie en Juridische beroepen;N;503;REGIO 25;;;100X746;2595GA;7;;Mbo4 opleidingen;1;Molenstraat;141.0;;;;;2583BX;'S-GRAVENHAGE;202211
27GZ;ROC Mondriaan;202211;396428326;Visser;van;Bibi;ZUIDPLAS;30-07-2006;25657;Medewerker marketing en communicatie;BBL;;J;;27GZ;ROC Mondriaan;100A188;School voor Economie Delft;N;1780;REGIO 26;;;111X981;2612CA;9;;Mbo4 opleidingen;1;Smellekenhorst;23.0;;;;;2273RB;DE LIER;202211
27GZ;ROC Mondriaan;202211;699177213;Baksi;;Carsten Pepijn;LANSINGERLAND;14-11-2002;25253;Allround technicus voertuigen en mobiele werktuigen;BBL;;J;;27GZ;ROC Mondriaan;100A187;School voor Zorg en Welzijn Leiden;N;1644;REGIO 28;;;100X753;2612CA;8;;HAVO/VWO bovenbouw;1;Hoflandendreef;20.0;K;;;;2371NR;AMSTELVEEN;202211
27GZ;ROC Mondriaan;202211;669873125;Georgiev;;Qusai;'S-GRAVENHAGE;20-08-2003;25288;Mbo- Verpleegkunde;BOL;;J;;27GZ;ROC Mondriaan;100A172;School voor Autotechniek en Mobiliteit;N;485;REGIO 28;;;100X753;2544ED;6;;Mbo4 opleidingen;1;Teniersplantsoen;13.0;;;;;2221VA;'S-GRAVENHAGE;202211
27GZ;ROC Mondriaan;202211;764099657;Özdemir;;Omar;VLAARDINGEN;22-06-2006;25290;Gespecialiseerd pedagogisch medewerker;BOL;;J;;27GZ;ROC Mondriaan;100A177;School voor Orde & Veiligheid;N;561;REGIO 28;;;100X746;2544ED;7;;Mbo4 opleidingen;1;Marktweg;22.0;;;;;2545KC;'S-GRAVENHAGE;202211
27GZ;ROC Mondriaan;202211;989581986;Ketz;;Kwabena Karikari-Affodour;'S-GRAVENHAGE;08-06-2004;25252;Gespecialiseerd pedagogisch medewerker;BOL;;J;;27GZ;ROC Mondriaan;100A189;School voor Autotechniek en Mobiliteit;N;123;REGIO 28;;;100X753;2493WN;7;;Mbo3 opleidingen;A1;Reghthuysplein;202.0;;;;;2521RZ;VOORBURG;202211
27GZ;ROC Mondriaan;202211;674710808;Öztürk;;Vinnie;RIJSWIJK;03-10-2002;25542;Medewerker fastservice;BBL;;J;;27GZ;ROC Mondriaan;100A198;School voor ICT;N;1765;REGIO 28;;;111X981;2544ED;1;;HAVO/VWO bovenbouw;1;Merelweg;24.0;;;;;2591TE;ZOETERMEER;202211
27GZ;ROC Mondriaan;202211;859505805;Bresser;Ter;Yasin;'S-GRAVENHAGE;18-04-2003;25297;Apothekersassistent;;;J;;27GZ;ROC Mondriaan;100A190;School voor Business support;N;1584;REGIO 27;;;100X756;2612CA;48;;Mbo4 opleidingen;2;Gravin Jacobastraat;122.0;;;;;3124CP;'S-GRAVENHAGE;202211
27GZ;ROC Mondriaan;202211;613149745;Zwan;;Thijs;'S-GRAVENHAGE;07-12-2005;25637;Persoonlijk begeleider specifieke doelgroepen;BOL;;J;;27GZ;ROC Mondriaan;101A729;School voor Zorg en Welzijn Delft;N;478;REGIO 28;;;100X747;2493WN;5;;Mbo3 opleidingen;1;Hongarenburg;30.0;;;;;2492TS;'S-GRAVENHAGE;202211
27GZ;ROC Mondriaan;202211;545072441;Veurman;;Jazlyn Katlyn Mayryn;'S-GRAVENHAGE;17-01-2004;25359;Schoonheidsverzorging;BOL;;J;;27GZ;ROC Mondriaan;100A198;International Hotel and Management School;N;563;REGIO 28;;;100X747;2612CA;68;;Mbo4 opleidingen;1;Romeijnstraat;153.0;;;;;2171EX;'S-GRAVENHAGE;202211
27GZ;ROC Mondriaan;202211;225505729;Jami;;Milan Jasper;'S-GRAVENHAGE;08-01-2000;25288;Helpende Zorg en Welzijn;BOL;;J;;27GZ;ROC Mondriaan;100A182;School voor Entreeopleidingen;N;1704;REGIO 29;;;100X746;2512ER;7;;Mbo2 opleidingen;2;Broekslootkade;110.0;;;;;2645LS;'S-GRAVENHAGE;202211
27GZ;ROC Mondriaan;202211;733255287;Mol;;Lenny;'S-GRAVENHAGE;12-11-2005;25373;Mbo-Verpleegkundige;BOL;;J;;27GZ;ROC Mondriaan;101A729;School voor Bouw en Infra;N;482;REGIO 28;;;100X758;2512ER;5;;Mbo3 opleidingen;1;Tahiti;24.0;;;;;2493AG;'S-GRAVENHAGE;202211
27GZ;ROC Mondriaan;202211;880063350;Uittenbogaard;van;Sherona Gherina Ly-Ann;ZOETERMEER;27-10-2003;25764;Monteur elektrotechnische installaties;BOL;;J;;27GZ;ROC Mondriaan;100A198;School voor Zorg en Welzijn Den Haag;N;1761;REGIO 28;;;100X749;2493WN;17;;Mbo4 opleidingen;1;Copernicusstraat;18.0;A;;1;;2513VX;Haastrecht;202211
27GZ;ROC Mondriaan;202211;564526287;Jaime Altamiranda;;Ashitosh Rahul;PIJNACKER-NOOTDORP;28-02-2003;23241;Aankomend medewerker grondoptreden;BBL;;J;;27GZ;ROC Mondriaan;100A172;School voor Metaal-, Elektro- en installatietechniek;N;597;REGIO 26;;;100X747;2493WN;48;;Mbo1 opleidingen;2;Zwaluwlaan;60.0;A;;;;2496HG;HEERHUGOWAARD;202211
27GZ;ROC Mondriaan;202211;251716815;Kuiper;;Mohamed;ZOETERMEER;29-12-2004;25251;Sport en Bewegen;BOL;;J;;27GZ;ROC Mondriaan;100A189;School voor Pedagogische en Sociale beroepen;N;1729;REGIO 28;;;100X749;2595GA;69;;Mbo3 opleidingen;1;Cyclaamstraat;46.0;;;;;2526GM;;202211
27GZ;ROC Mondriaan;202211;676167125;Alsemgeest;van;Daimy Melody;KATWIJK;23-04-2004;25671;Vavo Atheneum Zonder Profiel;BOL;;J;;27GZ;ROC Mondriaan;100A178;School voor Autotechniek en Mobiliteit;N;1708;REGIO 28;;;100X753;2544ED;6;;Mbo3 opleidingen;1;Stevinstraat;23.0;H;;;;2273AM;'S-GRAVENHAGE;202211
27GZ;ROC Mondriaan;202211;951688146;Khan;de;Darshan Roshano Vinesh;'S-GRAVENHAGE;29-09-2006;25380;Schoonheidsverzorging;BBL;;J;;27GZ;ROC Mondriaan;101A729;School voor Zorg en Welzijn Delft;N;495;REGIO 28;;;100X753;2493WN;6;;Mbo2 opleidingen;1;Vasariruimte;466.0;;;;;2225RM;'S-GRAVENHAGE;202211
27GZ;ROC Mondriaan;202211;387648368;Adiam Kubrom Bizen;;Basma;'S-GRAVENHAGE;29-04-2006;25356;Pedagogisch medewerker kinderopvang;BOL;;J;;27GZ;ROC Mondriaan;100A195;VAVO Haaglanden;N;1360;REGIO 28;;;100X746;2493WN;5;;Mbo4 opleidingen;1;Kepplerstraat;14.0;;;;;2531AP;'S-GRAVENHAGE;202211
27GZ;ROC Mondriaan;202211;719958145;Jhinkoe-Rai;;Qusai;ZOETERMEER;09-12-2003;25549;Helpende Zorg en Welzijn;BOL;;J;;27GZ;ROC Mondriaan;101A729;VAVO Haaglanden;N;1708;REGIO 28;;;100X755;2595GA;1;;Mbo3 opleidingen;4;Jan Kistenstraat;;;;;;2592CD;'S-GRAVENHAGE;202211
27GZ;ROC Mondriaan;202211;866376786;Baryagabr;;Hilary;'S-GRAVENHAGE;01-01-2002;25617;Helpende Zorg en Welzijn;BOL;;J;;27GZ;ROC Mondriaan;100A177;School voor Pedagogische en Sociale beroepen;N;578;REGIO 41;;;100X757;2493WN;7;;Mbo4 opleidingen;2;Trapveld;453.0;;;;;2496MB;;202211
27GZ;ROC Mondriaan;202211;637805589;Grijzen;van;Eman;DELFT;20-08-2003;25688;Mbo- Verpleegkunde;BBL;;J;;27GZ;ROC Mondriaan;100A176;School voor Horeca & Facilitaire dienstverlening;N;565;REGIO 28;;;100X753;2544ED;6;;Mbo2 opleidingen;2;Bekerstraat;29.0;;;;;2562XS;GOUDA;202211
27GZ;ROC Mondriaan;202211;202153777;Ferdinand;;Salah;'S-GRAVENHAGE;30-04-2005;25648;Persoonlijk begeleider maatschappelijke zorg;BOL;;J;;27GZ;ROC Mondriaan;100A191;School voor Gezondheidszorg Den Haag;N;551;REGIO 28;;;100X746;2544AH;6;;Mbo2 opleidingen;1;Multatuliweg;25.0;;;;;2625SL;KATWIJK ZH;202211
27GZ;ROC Mondriaan;202211;237141480;Boerjan;van der;Chaima;'S-GRAVENHAGE;28-06-2002;25715;Persoonlijk begeleider maatschappelijke zorg;BOL;;J;;27GZ;ROC Mondriaan;100A172;School voor Horeca & Facilitaire dienstverlening;N;34;REGIO 28;;;100X746;2332AA;12;;Mbo3 opleidingen;1;Fregatsingel;118.0;;;;;2543CB;'S-GRAVENHAGE;202211
27GZ;ROC Mondriaan;202211;648447377;Oukhattou;van der;Lara;SCHIEDAM;02-10-2001;25262;Mbo- Verpleegkunde;;;J;;27GZ;ROC Mondriaan;100A176;School voor Horeca & Facilitaire dienstverlening;N;356;REGIO 28;;;100X750;2512ER;138;;HAVO/VWO bovenbouw;A1;Talmastraat;48.0;;;;;2465BG;LEIDSCHENDAM;202211
27GZ;ROC Mondriaan;202211;382873977;Nabi;;Yordi;ZOETERMEER;30-08-2002;25579;Schoonheidsverzorging;BOL;;J;;27GZ;ROC Mondriaan;100A174;School voor Metaal-, Elektro- en installatietechniek;N;1625;REGIO 28;;;100X758;2544ED;66;;Mbo3 opleidingen;1;Kerklaan;170.0;;;;;2524CW;'s-Gravenhage;202211
27GZ;ROC Mondriaan;202211;592580961;Bayram;;Nikita Wilhelmina Catharina;'S-GRAVENHAGE;07-02-2004;25275;Technicus engineering;BOL;;J;;27GZ;ROC Mondriaan;100A187;School voor Pedagogische en Sociale beroepen;N;496;REGIO 28;;;100X752;2544ED;16;;Mbo3 opleidingen;1;Hertzogstraat;19.0;;;;;2805KH;'S-GRAVENHAGE;202211
27GZ;ROC Mondriaan;202211;738349599;Hadioui;van;Angely June;ZOETERWOUDE;27-12-2001;25682;Sociaal werker;EX;;J;;27GZ;ROC Mondriaan;100A182;School voor Zorg en Welzijn Leiden;N;1592;REGIO 28;;;100X758;2493WN;18;;Mbo2 opleidingen;8;Hoogkamerlaan;228.0;;;;;;KATWIJK ZH;202211
27GZ;ROC Mondriaan;202211;925031700;Hussein;;Peter Alex Bastiaan Raymond;'S-GRAVENHAGE;09-07-2004;25713;Manager/ondernemer horeca;BOL;;J;;27GZ;ROC Mondriaan;100A184;School voor Business support;N;1308;REGIO 28;;;100X755;2595GA;15;;HAVO/VWO bovenbouw;1;Hildebrandstraat;24.0;;;;;2542CC;'S-GRAVENHAGE;202211
27GZ;ROC Mondriaan;202211;706979238;Vriens;El;Sverre Cobi Gert Jan;RIJSWIJK;17-07-2001;6359;Assistant Business Services;BOL;;J;;27GZ;ROC Mondriaan;100A190;Beauty, Hair & Fashion;N;1799;REGIO 28;;;100X756;2493WN;8;;Mbo2 opleidingen;2;Naaldwijkseweg;263.0;A;;I;;2743JC;VOORSCHOTEN;202211
27GZ;ROC Mondriaan;202211;861725084;Halaf;van;Beau;BODEGRAVEN-REEUWIJK;21-09-2005;25764;Basismedewerker fashion;;;J;;27GZ;ROC Mondriaan;100A177;School voor Business support;N;502;REGIO 28;;;100X754;2521DB;17;;Mbo4 opleidingen;1;Ravensbergseweg;18.0;;;;;2563RK;DELFT;202211
27GZ;ROC Mondriaan;202211;353750035;Nafawa;Ter;Melody Cornelia Johanna;WASSENAAR;31-01-2002;25624;Servicemedewerker gebouwen;BOL;;J;;27GZ;ROC Mondriaan;100A177;International Hotel and Management School;N;507;REGIO 26;;;100X750;2612CA;9;;Mbo4 opleidingen;A1;Pasgeldtstraat;382.0;;;;;2264VV;BERGSCHENHOEK;202211
27GZ;ROC Mondriaan;202211;378940973;Speekenbrink;;Jip;RIJSWIJK;11-01-2005;25709;Musicalperformer;BOL;;J;;27GZ;ROC Mondriaan;100A174;VAVO Haaglanden;N;557;REGIO 28;;;100X753;2521DB;15;;Mbo3 opleidingen;2;Zilvermeeuwlaan;27.0;;;;;2497WE;'S-GRAVENHAGE;202211
27GZ;ROC Mondriaan;202211;331867267;Hulsbos;;Oumayma;ZOETERMEER;05-12-2002;5121;Aankomend medewerker grondoptreden;BOL;;J;;27GZ;ROC Mondriaan;100A191;School voor Orde & Veiligheid;N;1828;REGIO 28;;;100X758;2595GA;128;;Mbo4 opleidingen;8;Tsarenhof;125.0;A;;;;2552NB;NOORDWIJKERHOUT;202211
27GZ;ROC Mondriaan;202211;559246712;Akker;;Marijah;MAASSLUIS;06-11-2002;25233;Middenkader bouw en infra;BOL;;J;;27GZ;ROC Mondriaan;100A174;International Hotel and Management School;N;1745;REGIO 28;;;100X757;2595GA;136;;Mbo4 opleidingen;A1;Retiefstraat;133.0;;;;;3119BD;SCHIEDAM;202211
27GZ;ROC Mondriaan;202211;244296901;Akachar;ter;Juan Bernardo;RIJSWIJK;08-11-2004;23161;Beveiliger 3;BOL;;J;;27GZ;ROC Mondriaan;100A187;School voor Maatschappelijke zorg en Verzorgende;N;591;REGIO 28;;;100X755;2521DB;1;;Mbo4 opleidingen;1;Jan Luykenlaan;138.0;;;1;;2661LD;DEN HOORN ZH;202211
27GZ;ROC Mondriaan;202211;201831760;Nijman;;Dejenne Dershenie;ZOETERMEER;02-03-2006;25320;Juridisch-administratief dienstverlener;BOL;;J;;27GZ;ROC Mondriaan;100A172;School voor Lifestyle, Sport en Bewegen;N;497;REGIO 28;;;100X746;2612CA;44;;Mbo4 opleidingen;1;Beukelsweg;129.0;;;;;2541TV;DELFT;202211
27GZ;ROC Mondriaan;202211;547214050;Zwijger;;Mark Wouter;'S-GRAVENHAGE;31-03-2002;25602;Kapper;BOL;;J;;27GZ;ROC Mondriaan;101A729;School voor Metaal-, Elektro- en installatietechniek;N;488;REGIO 28;;;100X755;2512ER;16;;Mbo4 opleidingen;1;Jacob Catsstraat;521.0;;;;;2643LW;NOOTDORP;202211
27GZ;ROC Mondriaan;202211;480480794;Lebaniyah Jedda;;Jennifer Ester;'S-GRAVENHAGE;04-03-2001;25594;Assistent horeca, voeding of voedingsindustrie;BOL;;J;;27GZ;ROC Mondriaan;101A783;School voor Economie en Juridische beroepen;N;508;REGIO 28;;;100X749;2521DB;18;;Mbo4 opleidingen;A3;Van Aalstlaan;122.0;B;;22;;3155TR;Best;202211
27GZ;ROC Mondriaan;202211;950037543;Aleksiev;;Safith Rithik Jagdies;MIDDEN-DELFLAND;19-11-1999;25225;Begeleider maatschappelijke zorg;BOL;;J;;27GZ;ROC Mondriaan;100A184;School voor Technologie en Engineering;N;588;REGIO 26;;;111X981;2612CA;331;;Mbo4 opleidingen;7;Waldeck Pyrmontkade;198.0;;;;;2517KW;BODEGRAVEN;202211
27GZ;ROC Mondriaan;202211;777010324;Sobczyk;;Sinem;DELFT;05-11-2002;25592;Persoonlijk begeleider specifieke doelgroepen;BOL;;J;;27GZ;ROC Mondriaan;100A189;Beauty, Hair & Fashion;N;555;REGIO 28;;;100X754;2595GA;25;;Mbo4 opleidingen;1;Juweellaan;87.0;E;;;;2583TV;RIJSWIJK ZH;202211
27GZ;ROC Mondriaan;202211;983966792;Mulbarak Abdulla Hassan;;Kimberly Elly;'S-GRAVENHAGE;08-05-2003;25249;Monteur elektrotechnische installaties;BOL;;J;;27GZ;ROC Mondriaan;100A172;VAVO Haaglanden;N;1716;REGIO 28;;;100X747;2595GA;5;;Mbo4 opleidingen;2;Noordpolderkade;120.0;;;;;2526HE;'S-GRAVENHAGE;202211
27GZ;ROC Mondriaan;202211;436864355;Wolf;;Veronika Atanasova;'S-GRAVENHAGE;29-03-2004;25606;Fashion Designer;BBL;;J;;27GZ;ROC Mondriaan;100A176;School voor Zorg en Welzijn Den Haag;N;1803;REGIO 26;;;100X750;2612CA;45;;Mbo4 opleidingen;3;Romehof;87.0;;;;;2151RE;LEIDEN;202211
27GZ;ROC Mondriaan;202211;287053714;Hartman;;Ruben;RIJSWIJK;24-09-2003;25248;Monteur mechatronica;BOL;;J;;27GZ;ROC Mondriaan;100A196;School voor Lifestyle, Sport en Bewegen;N;1680;REGIO 29;;;100X753;2595GA;17;;Mbo4 opleidingen;2;Alexanderstraat;18.0;;;;;2531AT;VOORBURG;202211
27GZ;ROC Mondriaan;202211;608757776;Blancheville;;Sofia Alekseevna;'S-GRAVENHAGE;05-02-2005;25318;Helpende Zorg en Welzijn;BOL;;J;;27GZ;ROC Mondriaan;100A172;School voor Entreeopleidingen;N;1719;REGIO 28;;;100X758;2612CA;1;;Mbo4 opleidingen;1;Withuysstraat;17.0;;;;;2295PJ;'S-GRAVENHAGE;202211
27GZ;ROC Mondriaan;202211;629970826;Moradi Ghahdrijani;;Chourouk;DELFT;30-01-2006;25737;Aankomend medewerker grondoptreden;BBL;;J;;27GZ;ROC Mondriaan;101A783;School voor Horeca & Facilitaire dienstverlening;N;1714;REGIO 28;;;100X746;2595GA;6;;Mbo4 opleidingen;1;Renbaanstraat;20.0;;;;;2592VR;'S-GRAVENHAGE;202211
27GZ;ROC Mondriaan;202211;267677538;Heuvel;van;Tom;KATWIJK;22-08-2004;25198;Assistent horeca, voeding of voedingsindustrie;BBL;;J;;27GZ;ROC Mondriaan;100A195;School voor Orde & Veiligheid;N;586;REGIO 28;;;100X755;2595GA;7;;Mbo4 opleidingen;1;Reitzstraat;135.0;;;;;2353VX;'S-GRAVENHAGE;202211
27GZ;ROC Mondriaan;202211;759478984;Bechan;El;Arie;'S-GRAVENHAGE;19-05-2005;25280;Helpende Zorg en Welzijn;BOL;;J;;27GZ;ROC Mondriaan;100A173;International Hotel and Management School;N;1777;REGIO 28;;;100X758;2595GA;69;;Mbo4 opleidingen;1;Architect v Lieflandstr;261.0;;;;;2671CR;LEIDEN;202211
27GZ;ROC Mondriaan;202211;746532587;Akker;;Eyüp;'S-GRAVENHAGE;04-09-2000;25370;Office & Management Support Specialist;BOL;;J;;27GZ;ROC Mondriaan;101A729;School voor Zorg en Welzijn Leiden;N;1375;REGIO 28;;;100X747;2595GA;7;;Mbo4 opleidingen;2;Sionsstraat;117.0;;;;;2544KW;'S-GRAVENHAGE;202211
27GZ;ROC Mondriaan;202211;196333789;Lange;;Daan;'S-GRAVENHAGE;31-10-2001;25602;Juridisch-administratief dienstverlener;BOL;;J;;27GZ;ROC Mondriaan;100A172;School voor Bouw en Infra;N;1754;REGIO 28;;;100X746;2595GA;17;;Mbo4 opleidingen;1;Waterlelie;21.0;;;;;2531HD;DELFT;202211
27GZ;ROC Mondriaan;202211;409644326;Ceesay;;Rosalie Hildegard;WESTLAND;10-01-2005;25271;Pedagogisch medewerker kinderopvang;BOL;;J;;27GZ;ROC Mondriaan;100A191;School voor Zorg en Welzijn Leiden;N;491;REGIO 28;;;100X755;2493WN;42;;Mbo3 opleidingen;2;;112.0;;;;;2641JL;'S-GRAVENHAGE;202211
27GZ;ROC Mondriaan;202211;558044141;Schamper;;Eva;'S-GRAVENHAGE;24-03-2001;25748;Constructiewerker;BOL;;J;;27GZ;ROC Mondriaan;100A196;School voor Economie en Juridische beroepen;N;558;REGIO 28;;;100X747;2595GA;6;;Mbo3 opleidingen;1;Buinerveenstraat;298.0;;;;;2285DA;'S-GRAVENHAGE;202211
27GZ;ROC Mondriaan;202211;129099869;Adiam Kubrom Bizen;van;Jaïr Christopher Charles;'S-GRAVENHAGE;02-04-2005;25598;Vavo Havo Zonder Profiel;BOL;;J;;27GZ;ROC Mondriaan;100A172;School voor Retail en Logistiek Delft;N;494;REGIO 28;;;100X747;2672ZX;7;;Mbo3 opleidingen;1;De la Reyweg;18.0;A;;;;2624XV;BERKEL EN RODENRIJS;202211
27GZ;ROC Mondriaan;202212;574385036;Cristea;El;Rick Jacob Willem;RIDDERKERK;25-09-2002;23212;Fashion Product Coordinator;BBL;;J;;27GZ;ROC Mondriaan;100A178;Beauty, Hair & Fashion;N;326;REGIO 27;;;100X753;2512ER;8;;Mbo2 opleidingen;3;Miquelstraat;350.0;;;;;2627AK;Voorburg;202212
27GZ;ROC Mondriaan;202212;698530928;Beerenfenger;;Wouter;'S-GRAVENHAGE;26-02-2004;25343;Sociaal werker;BOL;;J;;27GZ;ROC Mondriaan;100A177;School voor Orde & Veiligheid;N;1683;REGIO 28;;;100X746;2544ED;7;;Mbo2 opleidingen;1;Sieraadlaan;422.0;;;;;2545TA;DELFT;202212
27GZ;ROC Mondriaan;202212;102144007;Heijden;;Yasmina;'S-GRAVENHAGE;13-07-2003;25715;Technisch Specialist Personenauto's;BOL;;J;;27GZ;ROC Mondriaan;100A181;School voor Business support;N;1713;REGIO 28;;;100X751;2521DB;7;;Mbo4 opleidingen;1;Hoefkade;21.0;;;;;2498CJ;ROTTERDAM;202212
27GZ;ROC Mondriaan;202212;128577871;Zuiderwijk;;Rosanne Francel;'S-GRAVENHAGE;07-03-2003;25195;Helpende Zorg en Welzijn;BOL;;J;;27GZ;ROC Mondriaan;101A729;School voor Pedagogische en Sociale beroepen;N;489;REGIO 28;;;100X747;2493WN;6;;Mbo4 opleidingen;1;Fruitweg;17.0;;;;;2613WH;'S-GRAVENHAGE;202212
27GZ;ROC Mondriaan;202212;349446793;Imrak;;Martijn;WESTLAND;01-01-2003;25172;Vavo Havo Zonder Profiel;BOL;;J;;27GZ;ROC Mondriaan;100A189;School voor ICT;N;495;REGIO 28;;;100X756;2544ED;1;;Mbo4 opleidingen;1;Erasmusplein;120.0;;;;;3142LT;DELFT;202212
27GZ;ROC Mondriaan;202212;684547936;Vaate;;Sanjana Ishika;HILLEGOM;18-02-2003;25237;Mbo- Verpleegkunde;BBL;;J;;27GZ;ROC Mondriaan;101A783;School voor Retail en Logistiek Delft;N;555;REGIO 28;;;100X755;2595GA;1;;Mbo4 opleidingen;1;Stephensonstraat;17.0;;;;;3328CK;DELFT;202212
27GZ;ROC Mondriaan;202212;770214928;Stroom;;Daantje;ALPHEN AAN DEN RIJN;14-01-2005;25272;Apothekersassistent;BOL;;J;;27GZ;ROC Mondriaan;100A191;School voor Zorg en Welzijn Den Haag;N;478;REGIO 28;;;100X746;2544AH;6;;Mbo2 opleidingen;1;Moerweg;221.0;;;;;2512AN;LEIDERDORP;202212
27GZ;ROC Mondriaan;202212;461338631;Moorman;;Rick;'S-GRAVENHAGE;11-07-2004;25271;Manager/ondernemer horeca;BOL;;J;;27GZ;ROC Mondriaan;100A189;Beauty, Hair & Fashion;N;491;REGIO 28;;;100X755;2544ED;6;;Mbo4 opleidingen;1;Multatulistraat;148.0;;;;;3451DJ;'S-GRAVENHAGE;202212
27GZ;ROC Mondriaan;202212;874219803;Addouiri;de;Kimberly;WOERDEN;26-05-2002;23017;Allround Assistant Business Services;BOL;;J;;27GZ;ROC Mondriaan;100A178;BAS;N;624;REGIO 26;;;100X749;2544ED;8;;Mbo3 opleidingen;4;Kamilleveld;206.0;;;;;2496VM;'S-GRAVENHAGE;202212
27GZ;ROC Mondriaan;202212;329543478;Adiam Kubrom Bizen;Ter;Chanayda;DELFT;05-12-2002;5121;Financieel administratieve beroepen;BOL;;J;;27GZ;ROC Mondriaan;100A176;VAVO Haaglanden;N;1764;REGIO 28;;;100X750;2612CA;45;;Mbo4 opleidingen;1;Strijplaan;84.0;;;;;2512ST;'S-GRAVENHAGE;202212
27GZ;ROC Mondriaan;202212;780435643;Groen;van;Nick;ROTTERDAM;26-07-2005;25587;Retailspecialist;BOL;;J;;27GZ;ROC Mondriaan;100A196;School voor Zorg en Welzijn Westland;N;488;REGIO 28;;;100X754;2521DB;7;;Mbo4 opleidingen;2;Aart van der Leeuwlaan;43.0;B;;;;2221KW;'S-GRAVENHAGE;202212
27GZ;ROC Mondriaan;202212;650883553;Oudshoorn;;Iris Sadie;ALPHEN AAN DEN RIJN;26-09-2005;25339;Leidinggevende travel & hospitality;BOL;;J;;27GZ;ROC Mondriaan;100A179;School voor Business support;N;1815;REGIO 28;;;100X757;2595GA;1;;Mbo2 opleidingen;3;Landrestraat;875.0;;;;;2493CV;HILLEGOM;202212
27GZ;ROC Mondriaan;202212;410432495;Polanco Santana;;Mano Ton Gerard;ROTTERDAM;23-11-2004;25358;Beveiliger 2;BOL;;J;;27GZ;ROC Mondriaan;100A181;VAVO Haaglanden;N;495;REGIO 28;;;100X747;2544AH;1;;Mbo1 opleidingen;2;Cannenburglaan;19.0;;;;;2661KL;;202212
27GZ;ROC Mondriaan;202212;824997350;Adiam Kubrom Bizen;El;Lilly;'S-GRAVENHAGE;05-04-2004;25294;Manager/ondernemer horeca;BOL;;J;;27GZ;ROC Mondriaan;100A188;School voor Horeca & Facilitaire dienstverlening;N;1482;REGIO 28;;;100X755;2521DB;43;;Mbo4 opleidingen;1;Schoolstraat;122.0;;;;;2283CE;'S-GRAVENHAGE;202212
27GZ;ROC Mondriaan;202212;841218975;Homan;;Maureen Eleonora;'S-GRAVENHAGE;17-01-2004;25252;Vavo Havo Nieuw Profiel Cultuur en Maatschappij;BOL;;J;;27GZ;ROC Mondriaan;100A187;VAVO Haaglanden;N;547;REGIO 28;;;100X747;2612CA;6;;Mbo4 opleidingen;1;Buenos Aireshof;226.0;;;;;2511VL;'S-GRAVENHAGE;202212
27GZ;ROC Mondriaan;202212;101127164;Meer;;Terence Joey;'S-GRAVENHAGE;18-09-2004;25343;Begeleider specifieke doelgroepen;BOL;;J;;27GZ;ROC Mondriaan;100A177;School voor Bouw en Infra;N;493;REGIO 28;;;100X747;2612CA;15;;Mbo2 opleidingen;1;Zomereik;28.0;;;;;2522RJ;'S-GRAVENHAGE;202212
27GZ;ROC Mondriaan;202212;534121536;Mohammed;;Jonathan Rudolf Derk;'S-GRAVENHAGE;12-09-2003;25261;Monteur werktuigkundige installaties;BOL;;J;;27GZ;ROC Mondriaan;100A186;School voor ICT;N;496;REGIO 28;;;100X755;2544ED;7;;Mbo2 opleidingen;1;Steurendaal;899.0;;;;;2541CR;'s-Gravenhage;202212
27GZ;ROC Mondriaan;202212;516077791;Grieken;;Gianerra Shaniqua;ZOETERMEER;21-08-2004;25708;Vavo Havo Nieuw Profiel Cultuur en Maatschappij;BOL;;J;;27GZ;ROC Mondriaan;100A174;Beauty, Hair & Fashion;N;495;REGIO 25;;;100X758;2544ED;1;;Mbo4 opleidingen;1;Aalbessenlaan;21.0;;;;;2282LG;BERKEL EN RODENRIJS;202212
27GZ;ROC Mondriaan;202212;249452053;Williams;van;Elif;PIJNACKER-NOOTDORP;14-08-2006;25304;Assistent dienstverlening en zorg;;;J;;27GZ;ROC Mondriaan;100A176;School voor Retail en Logistiek Delft;N;614;REGIO 28;;;100X750;2493WN;9;;Mbo1 opleidingen;1;Pieter de Voisstraat;53.0;A;;;;2526HV;ZOETERMEER;202212
27GZ;ROC Mondriaan;202212;434471677;Mulbarak Abdulla Hassan;;Stylianos;'S-GRAVENHAGE;22-09-2003;25315;Medewerker evenementenorganisatie;BOL;;J;;27GZ;ROC Mondriaan;100A175;School voor Maatschappelijke zorg en Verzorgende;N;1707;REGIO 28;;;100X746;2595GA;7;;Mbo4 opleidingen;1;Alferbos;127.0;;;;;2672DK;'S-GRAVENHAGE;202212
27GZ;ROC Mondriaan;202212;990857085;Al-Sufyani;van;Lorraine Robine Tonya Ricky;'S-GRAVENHAGE;05-11-1999;25290;Musicalperformer;BOL;;J;;27GZ;ROC Mondriaan;100A191;Beauty, Hair & Fashion;N;1745;REGIO 28;;;100X758;2544ED;17;;Mbo4 opleidingen;1;Nocturnestraat;360.0;;;;;2492TD;'S-GRAVENHAGE;202212
27GZ;ROC Mondriaan;202212;269027652;Baarle;van;Joey Corné;'S-GRAVENHAGE;31-08-2005;25562;Mbo- Verpleegkunde;BOL;;J;;27GZ;ROC Mondriaan;100A198;School voor Horeca & Facilitaire dienstverlening;N;485;REGIO 28;;;100X746;2595GA;5;;Mbo4 opleidingen;1;Schoolstraat;13.0;;;;;2548NW;NAALDWIJK;202212
27GZ;ROC Mondriaan;202212;811669341;Lagadeau;;Mohaamad;ROTTERDAM;30-03-2001;23132;Logistiek teamleider;BOL;;J;;27GZ;ROC Mondriaan;101A783;School voor Retail en Logistiek Delft;N;1804;REGIO 27;;;100X753;2612CA;9;;Mbo2 opleidingen;1;Rietveen;275.0;;;;;2518VP;POELDIJK;202212
27GZ;ROC Mondriaan;202212;536183595;Garieb;Le;Rabia Melisa;HAARLEM;09-04-2006;25669;Monteur elektrotechnische installaties;EX;;J;;27GZ;ROC Mondriaan;100A196;School voor Retail en Logistiek Delft;N;1791;REGIO 28;;;100X757;2512ER;69;;Mbo4 opleidingen;3;Dr. H.E. van Geldererf;137.0;;;;;2561VR;DALERPEEL;202212
27GZ;ROC Mondriaan;202212;175709940;Duijnisveld;;Mcwilliams Awortwi;ZOETERMEER;25-09-2001;25256;Schoonheidsverzorging;BBL;;J;;27GZ;ROC Mondriaan;100A187;International Hotel and Management School;N;563;REGIO 29;;;100X753;2493WN;6;;HAVO/VWO bovenbouw;2;Petronella Voûtestraat;116.0;;;;;2532CM;WATERINGEN;202212
27GZ;ROC Mondriaan;202212;730223779;Aydin;;Valérie Anna;LEIDSCHENDAM-VOORBURG;30-09-2000;5876;Middenkaderfunctionaris Infra;BOL;;J;;27GZ;ROC Mondriaan;100A182;School voor Metaal-, Elektro- en installatietechniek;N;503;REGIO 28;;;100X755;2544ED;45;;Mbo4 opleidingen;1;Staringkade;20.0;;;;;3119NH;NOORDWIJKERHOUT;202212
27GZ;ROC Mondriaan;202212;459089722;Bici;El;Bram Ibrahim Arie;ROTTERDAM;18-03-2000;25658;Verzorgende-IG;BOL;;J;;27GZ;ROC Mondriaan;100A195;School voor Horeca & Facilitaire dienstverlening;N;497;REGIO 29;;;100X746;2493WN;7;;Mbo4 opleidingen;1;Glansvogellaan;14.0;;;;;2523GA;VLAARDINGEN;202212
27GZ;ROC Mondriaan;202212;183594896;Marengo;;Siara Afra;RIJSWIJK;14-09-2002;25338;Allround medewerker mode/maatkleding;BOL;;J;;27GZ;ROC Mondriaan;100A172;International Hotel and Management School;N;1787;REGIO 28;;;100X752;2544ED;9;;Mbo2 opleidingen;A2;Jan Bootlaan;128.0;;;;;2231MX;WATERINGEN;202212
27GZ;ROC Mondriaan;202212;191342361;Elvilia;van;Larissa;VLAARDINGEN;10-07-2000;25204;Retailmedewerker;BOL;;J;;27GZ;ROC Mondriaan;100A176;School voor Zorg en Welzijn Westland;N;589;REGIO 29;;;100X747;2521DB;17;;HAVO/VWO bovenbouw;A1;Kuinrestraat;14.0;A;;;;;VOORBURG;202212
27GZ;ROC Mondriaan;202212;285810538;Heydari;;Anouk;ZOETERMEER;19-07-2003;25656;Management assistant;BOL;;J;;27GZ;ROC Mondriaan;100A182;School voor Zorg en Welzijn Den Haag;N;488;REGIO 28;;;100X754;2521DB;5;;HAVO/VWO bovenbouw;1;Hertzogstraat;101.0;;;;;2553GV;BERKEL EN RODENRIJS;202212
27GZ;ROC Mondriaan;202212;204535983;Govers;;Sameer;ZOETERMEER;22-01-2003;25309;Musicalperformer;BOL;;J;;27GZ;ROC Mondriaan;100A177;VAVO Haaglanden;N;473;REGIO 28;;;100X758;2612CA;13;;Mbo4 opleidingen;1;Reghthuysplein;;;;;;2631NP;'S-GRAVENHAGE;202212
27GZ;ROC Mondriaan;202212;247219562;Leeuw;;Vigo Max;'S-GRAVENHAGE;02-09-2004;25209;Assistent mobiliteitsbranche;BOL;;J;;27GZ;ROC Mondriaan;100A187;School voor Autotechniek en Mobiliteit;N;488;REGIO 28;;;100X747;2521DB;6;;Mbo4 opleidingen;1;;25.0;;;;;2581XD;'S-GRAVENHAGE;202212
27GZ;ROC Mondriaan;202212;216454808;Hoek;;Rosanne Francel;'S-GRAVENHAGE;01-05-2005;25305;Vavo Havo Nieuw Profiel Economie en Maatschappij;BOL;;J;;27GZ;ROC Mondriaan;100A196;Beauty, Hair & Fashion;N;557;REGIO 29;;;100X755;2521DB;16;;Mbo3 opleidingen;1;Bosweg;22.0;B;;;;2525RN;HONSELERSDIJK;202212
27GZ;ROC Mondriaan;202212;597632119;Maaree;ter;Sanne;NISSEWAARD;17-12-2005;23208;Allround vakkracht onderhoud- en klussenbedrijf;BBL;;J;;27GZ;ROC Mondriaan;100A186;School voor Autotechniek en Mobiliteit;N;1793;REGIO 28;;;100X747;2544AH;9;;Mbo4 opleidingen;A1;Okerhof;221.0;;;;;2564PN;CAPELLE AAN DEN IJSSEL;202212
27GZ;ROC Mondriaan;202212;386839632;Vrolijk;;Chiel;ZOETERMEER;27-02-2003;25665;Business Administration & Control Specialist;BOL;;J;;27GZ;ROC Mondriaan;100A196;School voor Business support;N;557;REGIO 28;;;100X755;2595GA;6;;Mbo4 opleidingen;1;;128.0;;;;;2665DV;'S-GRAVENHAGE;202212
27GZ;ROC Mondriaan;202212;111922361;Andringa;;Jaimy;'S-GRAVENHAGE;13-08-2004;25290;Technicus engineering;BOL;;J;;27GZ;ROC Mondriaan;100A180;School voor Lifestyle, Sport en Bewegen;N;1640;REGIO 28;;;100X746;2491BE;15;;Mbo4 opleidingen;2;Vermeulenlaan;139.0;;;;;3039LK;WATERINGEN;202212
27GZ;ROC Mondriaan;202212;542005469;Jharap;;Chahida;ARNHEM;04-07-2005;25287;Helpende Zorg en Welzijn;BOL;;J;;27GZ;ROC Mondriaan;100A195;VAVO Haaglanden;N;567;REGIO 28;;;100X747;2493WN;7;;Mbo4 opleidingen;3;Kastanjeplein;95.0;;;;;2628VK;ZOETERMEER;202212
27GZ;ROC Mondriaan;202212;239080197;Nuamah;;Aykan;'S-GRAVENHAGE;04-11-2002;25116;Assistent horeca, voeding of voedingsindustrie;BBL;;J;;27GZ;ROC Mondriaan;100A178;School voor Zorg en Welzijn Delft;N;498;REGIO 28;;;100X753;2544ED;16;;Mbo4 opleidingen;1;Boulevard;22.0;;;;;2642ZW;Zoetermeer;202212
27GZ;ROC Mondriaan;202212;717514814;Zonneveld;;Megan Francis;'S-GRAVENHAGE;18-01-2005;25656;Fashion Designer;BOL;;J;;27GZ;ROC Mondriaan;100A181;Beauty, Hair & Fashion;N;1690;REGIO 28;;;100X755;2672ZX;1;;Mbo4 opleidingen;2;Hendrik van Randwijkstr;270.0;;;;;2324HS;RIJSWIJK ZH;202212
27GZ;ROC Mondriaan;202212;753372742;Whieskie;de;Dominique Gabriëlle Christine;LEIDSCHENDAM-VOORBURG;07-01-2006;25173;Vavo Atheneum Nieuw Profiel Natuur en Gezondheid;BBL;;J;;27GZ;ROC Mondriaan;100A172;VAVO Haaglanden;N;567;REGIO 28;;;100X750;2493WN;14;;HAVO/VWO bovenbouw;1;;21.0;;;;;2493WX;VOORBURG;202212
27GZ;ROC Mondriaan;202212;359066405;Schaap;;Hind;'S-GRAVENHAGE;20-10-2005;5520;Manager/ondernemer horeca;BOL;;J;;27GZ;ROC Mondriaan;100A179;VAVO Haaglanden;N;512;REGIO 28;;;100X755;2491BE;6;;HAVO/VWO bovenbouw;1;Trekweg;126.0;;;;;2471AZ;'S-GRAVENHAGE;202212
27GZ;ROC Mondriaan;202212;238973465;Shakir;van;Babette;ROTTERDAM;28-01-2003;25290;Sociaal werker;BOL;;J;;27GZ;ROC Mondriaan;100A198;Beauty, Hair & Fashion;N;573;REGIO 29;;;100X754;2544ED;1;;Mbo2 opleidingen;A2;Landtong;126.0;;;;;2724JC;;202212
27GZ;ROC Mondriaan;202212;578464398;Allen Alexander;;Emanuel Fernando;ZUIDPLAS;10-12-2004;5161;Monteur elektrotechnische installaties;BOL;;J;;27GZ;ROC Mondriaan;100A187;School voor Metaal-, Elektro- en installatietechniek;N;1768;REGIO 26;;;100X756;2521DB;15;;Mbo4 opleidingen;2;Nieuwersluisstraat;13.0;;;;;2314CH;'S-GRAVENHAGE;202212
27GZ;ROC Mondriaan;202212;118276050;Tunç;El;Zoï;'S-GRAVENHAGE;26-02-2004;25641;Retailmedewerker;BOL;;J;;27GZ;ROC Mondriaan;100A187;International Hotel and Management School;N;563;REGIO 29;;;100X749;2595GA;6;;Mbo4 opleidingen;1;Van Alkemadestraat;312.0;;;;;2614VD;'S-GRAVENHAGE;202212
27GZ;ROC Mondriaan;202212;644902285;Berg;;Romello Brandon;'S-GRAVENHAGE;26-02-2003;25705;Medewerker (financiële) administratie;BOL;;J;;27GZ;ROC Mondriaan;100A196;School voor Zorg en Welzijn Delft;N;538;REGIO 28;;;100X753;2595GA;24;;Mbo4 opleidingen;1;Kortenaerstraat;145.0;;;;;2718GD;GOES;202212
27GZ;ROC Mondriaan;202212;983101256;Yildiz;;Jayden;'S-GRAVENHAGE;11-01-2005;25372;Mbo- Verpleegkunde;BOL;;J;;27GZ;ROC Mondriaan;100A187;School voor Zorg en Welzijn Delft;N;1668;REGIO 28;;;100X755;2628AL;5;;Mbo4 opleidingen;1;Chicagostraat;26.0;;;;;2496PW;'S-GRAVENHAGE;202212
27GZ;ROC Mondriaan;202212;250522712;Bertram;El;Duncan;'S-GRAVENHAGE;07-08-2005;25383;Technicus mechatronica systemen;BOL;;J;;27GZ;ROC Mondriaan;100A196;Beauty, Hair & Fashion;N;1743;REGIO 29;;;100X747;2521DB;8;;Mbo4 opleidingen;2;Pieter Langendijkstraat;65.0;;;BN;;2645LC;LEIDERDORP;202212
27GZ;ROC Mondriaan;202212;111106114;Heuvel;;Jasmina;'S-GRAVENHAGE;09-06-2004;25301;Persoonlijk begeleider gehandicaptenzorg;BOL;;J;;27GZ;ROC Mondriaan;100A180;International Hotel and Management School;N;484;REGIO 26;;;100X746;2612CA;6;;Mbo4 opleidingen;1;Tempelberg;22.0;;;;;2566RG;'S-GRAVENHAGE;202212
27GZ;ROC Mondriaan;202212;194242987;Berg;La;Sterre;MIDDELBURG;27-09-2000;25702;Haarverzorging;BOL;;J;;27GZ;ROC Mondriaan;100A176;School voor Economie en Juridische beroepen;N;503;REGIO 28;;;100X753;2332AA;1;;Mbo4 opleidingen;2;Lijsterbesplein;58.0;;;;;2492MH;VALKENBURG ZH;202212
27GZ;ROC Mondriaan;202212;877147142;Wubben;;Merve;'S-GRAVENHAGE;07-01-2003;25221;Beveiliger 2;BOL;;J;;27GZ;ROC Mondriaan;100A191;School voor Technologie en Engineering;N;489;REGIO 28;;;100X753;2595GA;15;;Mbo4 opleidingen;1;Reitzstraat;81.0;;;;;2562TZ;DELFT;202212
27GZ;ROC Mondriaan;202212;181223086;Hoogenboom;;Ayoub;PIJNACKER-NOOTDORP;03-09-2002;25248;Software developer;BOL;;J;;27GZ;ROC Mondriaan;100A189;School voor Gezondheidszorg Den Haag;N;489;REGIO 28;;;100X746;2612CA;1;;Mbo4 opleidingen;1;Glazenmakerhof;439.0;;;;;2715EP;'S-GRAVENHAGE;202212
27GZ;ROC Mondriaan;202212;872381198;Khoulani;;Mustaf Ali;ZUIDPLAS;17-07-2005;5121;Allround timmerman;BOL;;J;;27GZ;ROC Mondriaan;100A196;School voor Zorg en Welzijn Delft;N;601;REGIO 28;;;111X981;2493WN;9;;Mbo2 opleidingen;2;Willem Marislaan;210.0;B;;40;;2542KE;BEEKBERGEN;202212
27GZ;ROC Mondriaan;202212;982460187;Hamerling;;Indy;'S-GRAVENHAGE;05-02-2006;25335;Retailmedewerker;BOL;;J;;27GZ;ROC Mondriaan;100A195;School voor Pedagogische en Sociale beroepen;N;584;REGIO 28;;;100X746;2595GA;13;;Mbo4 opleidingen;1;;125.0;;;;;2641AS;'S-GRAVENHAGE;202212
27GZ;ROC Mondriaan;202212;609564803;Kool;;Renzo;'S-GRAVENHAGE;03-06-2002;25370;Retailmanager;BOL;;J;;27GZ;ROC Mondriaan;100A175;School voor Economie Delft;N;1738;REGIO 28;;;100X746;2521DB;16;;Mbo4 opleidingen;1;Bucaillestraat;12.0;;;;;2493WS;'S-GRAVENHAGE;202212
27GZ;ROC Mondriaan;202212;507451745;Ali;van der;Ceydanur;'S-GRAVENHAGE;28-05-2004;25265;Apothekersassistent;BOL;;J;;27GZ;ROC Mondriaan;100A179;Beauty, Hair & Fashion;N;502;REGIO 28;;;100X747;2493WN;17;;Mbo3 opleidingen;2;Lindberghlaan;121.0;;;;;2225XN;PIJNACKER;202212
27GZ;ROC Mondriaan;202212;198906287;Taal;;Peet;'S-GRAVENHAGE;06-07-2004;25585;Sociaal werker;BBL;;J;;27GZ;ROC Mondriaan;100A175;VAVO Haaglanden;N;501;REGIO 28;;;100X747;2612CA;16;;Mbo4 opleidingen;1;Chicagostraat;153.0;;;;;2242LT;LISSE;202212
27GZ;ROC Mondriaan;202212;853553052;Batelaan;;Chevanity Janell;MIDDEN-DELFLAND;26-07-2005;25535;Medewerker secretariaat en receptie;BOL;;J;;27GZ;ROC Mondriaan;101A783;School voor Gezondheidszorg Den Haag;N;517;REGIO 19;;;100X746;2493WN;48;;Mbo3 opleidingen;1;Oude Hoge Dijk;134.0;P;;50;;2652BB;BENTHUIZEN;202212
27GZ;ROC Mondriaan;202212;919591386;Evmez;van;Omar;DELFT;29-03-2005;25201;Timmerman;BOL;;J;;27GZ;ROC Mondriaan;100A181;School voor Orde & Veiligheid;N;1734;REGIO 28;;;100X751;2612CA;7;;Mbo4 opleidingen;1;Wilgendam;50.0;P;;;;2718AW;BERKEL EN RODENRIJS;202212
27GZ;ROC Mondriaan;202212;399061260;Santen;;Sanne;'S-GRAVENHAGE;09-03-2004;25686;Technicus engineering;BOL;;J;;27GZ;ROC Mondriaan;101A729;School voor Zorg en Welzijn Delft;N;1678;REGIO 28;;;100X750;2544AH;66;;Mbo4 opleidingen;1;Lange Wantijkade;28.0;;;;;2622HX;'S-GRAVENHAGE;202212
27GZ;ROC Mondriaan;202212;699589605;Heijer;;Lenny;'S-GRAVENHAGE;17-08-2005;25178;Doktersassistent;BOL;;J;;27GZ;ROC Mondriaan;100A184;School voor Economie en Juridische beroepen;N;471;REGIO 28;;;100X753;2612CA;12;;Mbo4 opleidingen;1;Spoorsingel;121.0;;;;;2631JR;'S-GRAVENHAGE;202212
27GZ;ROC Mondriaan;202212;920380401;Pennings;van;Mike Jeroen Jacobus;'S-GRAVENHAGE;29-01-2005;25377;Basis technicus voertuigen en mobiele werktuigen;BBL;;J;;27GZ;ROC Mondriaan;100A190;School voor Maatschappelijke zorg en Verzorgende;N;503;REGIO 19;;;100X747;2544AH;71;;Mbo4 opleidingen;2;Hunsingo;30.0;;;;;2492PK;HONSELERSDIJK;202212
27GZ;ROC Mondriaan;202212;681069938;Reijs;;Demian;LISSE;09-11-2005;25186;IT systems and devices;;;J;;27GZ;ROC Mondriaan;100A198;School voor Zorg en Welzijn Leiden;N;599;REGIO 16;;;100X755;2612CA;141;;Mbo4 opleidingen;2;Schalk Burgerstraat;253.0;A;;;;2572WR;VOORSCHOTEN;202212
27GZ;ROC Mondriaan;202212;863234620;Doğan;van de;Wafa Ibrahim;'S-GRAVENHAGE;12-05-2006;25693;Bedrijfsadministrateur;BOL;;J;;27GZ;ROC Mondriaan;101A709;International Hotel and Management School;N;1753;REGIO 28;;;100X755;2628AL;16;;HAVO/VWO bovenbouw;1;;24.0;;;;;2671SE;NOORDWIJKERHOUT;202212
27GZ;ROC Mondriaan;202212;793887076;Vaate;;Sheila Patrícia;LEIDSCHENDAM-VOORBURG;08-05-2003;25174;Pedagogisch medewerker kinderopvang;BOL;;J;;27GZ;ROC Mondriaan;100A177;School voor Economie en Juridische beroepen;N;494;REGIO 28;;;100X746;2628AL;6;;HAVO/VWO bovenbouw;1;Hugo Verrieststraat;268.0;;;;;2551XC;;202212
27GZ;ROC Mondriaan;202212;909654811;Abidi;;Thijs Thijmen;ROTTERDAM;18-07-2002;25716;Logistiek teamleider;BOL;;J;;27GZ;ROC Mondriaan;101A783;School voor Retail en Logistiek Delft;N;498;REGIO 28;;;100X750;2544ED;8;;Mbo4 opleidingen;2;Soestdijksekade;551.0;;;;;2641AE;'S-GRAVENHAGE;202212
27GZ;ROC Mondriaan;202212;583685549;Reitsma;;Hafsa;'S-GRAVENHAGE;19-06-2003;25280;Meewerkend horeca ondernemer;BOL;;J;;27GZ;ROC Mondriaan;101A729;School voor Business support;N;540;REGIO 28;;;100X750;2595GA;6;;Mbo2 opleidingen;1;Anjerstraat;12.0;;;;;2717HK;;202212
27GZ;ROC Mondriaan;202212;224814716;Heuvel;van;Araya;'S-GRAVENHAGE;02-03-2006;25644;Vavo Atheneum Zonder Profiel;BOL;;J;;27GZ;ROC Mondriaan;101A729;School voor Zorg en Welzijn Delft;N;1716;REGIO 26;;;100X757;2521DB;46;;Mbo4 opleidingen;1;Nieuwe Parklaan;152.0;;;;;2272VX;LEIDEN;202212
27GZ;ROC Mondriaan;202212;982691264;Bayazed;van;Shannon;ARNHEM;14-01-2003;25587;Financieel administratieve beroepen;;;J;;27GZ;ROC Mondriaan;100A175;School voor Zorg en Welzijn Westland;N;1855;REGIO 29;;;100X753;2544ED;8;;Mbo1 opleidingen;A2;Henriëtte Bosmansplein;63.0;A;;;;2585XS;'s-Gravenhage;202212
27GZ;ROC Mondriaan;202212;884151060;Aydoğdu;;Rick Oliver Neil;'S-GRAVENHAGE;20-10-2005;25627;Allround timmerman;BOL;;J;;27GZ;ROC Mondriaan;100A172;Beauty, Hair & Fashion;N;492;REGIO 28;;;100X746;2493WN;17;;Mbo4 opleidingen;2;Borgerstraat;129.0;;;;;2572RH;DELFT;202212
27GZ;ROC Mondriaan;202212;754383026;Bleijenberg;;Rohan Rishikesh Ashton Nylesh;'S-GRAVENHAGE;06-03-2006;25632;Allround medewerker IT systems and devices;BOL;;J;;27GZ;ROC Mondriaan;100A198;School voor Zorg en Welzijn Leiden;N;498;REGIO 28;;;100X750;2612CA;16;;Mbo4 opleidingen;3;Moerweg;552.0;;;;;2289BV;;202212
27GZ;ROC Mondriaan;202212;504102988;Naqvi;van;Jayne Zahwa;VOORSCHOTEN;27-11-2000;25288;Monteur elektrotechnische installaties;BOL;;J;;27GZ;ROC Mondriaan;100A198;School voor Zorg en Welzijn Westland;N;1599;REGIO 34;;;100X746;2595GA;8;;Mbo4 opleidingen;3;Uithofslaan;41.0;;;;;2496SV;EINDHOVEN;202212
27GZ;ROC Mondriaan;202212;853001391;Azouagha;;Jim;'S-GRAVENHAGE;08-07-2005;25667;Retailmedewerker;BOL;;J;;27GZ;ROC Mondriaan;100A195;School voor Zorg en Welzijn Delft;N;1700;REGIO 28;;;100X758;2521DB;17;;Mbo4 opleidingen;1;Van Rijswijckschans;28.0;;;;;2573LZ;NOOTDORP;202212
27GZ;ROC Mondriaan;202212;417885472;Mooij;Al;Johnny Jan Barend;'S-GRAVENHAGE;22-08-2005;25335;Assistent logistiek;BOL;;J;;27GZ;ROC Mondriaan;101A729;School voor Gezondheidszorg Den Haag;N;505;REGIO 28;;;100X750;2612CA;33;;Mbo4 opleidingen;4;Drijfriemstraat;110.0;e;;;;2544VC;'S-GRAVENHAGE;202212
27GZ;ROC Mondriaan;202212;976651551;Schaap;de;Merve;PIJNACKER-NOOTDORP;24-09-2002;25208;Vavo Havo Zonder Profiel;BBL;;J;;27GZ;ROC Mondriaan;100A184;School voor Zorg en Welzijn Delft;N;500;REGIO 28;;;100X747;2332AA;6;;HAVO/VWO bovenbouw;A1;Van Heuven Goedhartstr;23.0;;;;;2548VG;;202212
27GZ;ROC Mondriaan;202212;546641591;Wijk;;Angelina Dilan;'S-GRAVENHAGE;12-07-2002;25633;Verzorgende-IG;BOL;;J;;27GZ;ROC Mondriaan;100A172;VAVO Haaglanden;N;494;REGIO 28;;;100X757;2493WN;68;;Mbo4 opleidingen;2;Hoeksekade;152.0;;;;;2622BE;'S-GRAVENHAGE;202212
27GZ;ROC Mondriaan;202212;576645448;Groeneweg;;Alisa;LANSINGERLAND;08-09-2001;25301;Manager/ondernemer horeca;BOL;;J;;27GZ;ROC Mondriaan;100A187;School voor Entreeopleidingen;N;1730;REGIO 28;;;100X753;2544ED;291;;Mbo4 opleidingen;1;Woensdrechthof;138.0;;;;;2562JG;'S-GRAVENHAGE;202212
27GZ;ROC Mondriaan;202212;245295012;Maduro;;Andocha Wichian Jacobus;MAASSLUIS;29-08-2001;25576;Onderwijsassistent;BOL;;J;;27GZ;ROC Mondriaan;100A181;School voor Metaal-, Elektro- en installatietechniek;N;547;REGIO 28;;;100X753;2521DB;6;;Mbo4 opleidingen;2;Schrijnwerkersgaarde;26.0;C;;;;2591XG;WATERINGEN;202212
27GZ;ROC Mondriaan;202212;591102273;Haas;;Francesca;ROTTERDAM;17-07-2002;25311;Mbo- Verpleegkunde;BOL;;J;;27GZ;ROC Mondriaan;101A783;School voor Zorg en Welzijn Leiden;N;497;REGIO 28;;;100X746;2544AH;7;;Mbo1 opleidingen;2;Waldeck Pyrmontkade;19.0;;;;;2264DN;ZOETERMEER;202212
27GZ;ROC Mondriaan;202212;475679534;Yüngül;;Nikita;'S-GRAVENHAGE;19-04-2002;25688;Bedrijfsadministrateur;BOL;;J;;27GZ;ROC Mondriaan;100A181;School voor ICT;N;495;REGIO 28;;;100X753;2493WN;17;;Mbo2 opleidingen;1;Hertenrade;22.0;;;;;2724GZ;RIJSWIJK ZH;202212
27GZ;ROC Mondriaan;202212;993434834;Belfor;;Ryan;'S-GRAVENHAGE;19-09-2003;25612;Business Administration & Control Specialist;BBL;;J;;27GZ;ROC Mondriaan;100A179;School voor Metaal-, Elektro- en installatietechniek;N;597;REGIO 26;;;100X747;2521DB;48;;Mbo3 opleidingen;1;Kemperstraat;733.0;L;;;;2525NE;DELFGAUW;202212
27GZ;ROC Mondriaan;202212;194192725;Nabbe;ter;Nika;'S-GRAVENHAGE;06-09-2005;25352;Entree;BOL;;J;;27GZ;ROC Mondriaan;100A172;School voor Zorg en Welzijn Leiden;N;1752;REGIO 28;;;100X747;2595GA;335;;Mbo4 opleidingen;1;Velddreef;133.0;;;;;2526RK;ZOETERMEER;202212
27GZ;ROC Mondriaan;202212;176395679;Oberink;;Ron Emile;ZOETERMEER;11-09-2005;25653;Tegelzetter;BOL;;J;;27GZ;ROC Mondriaan;100A186;School voor Autotechniek en Mobiliteit;N;196;REGIO 26;;;100X758;2612CA;7;;Mbo4 opleidingen;1;Van Goghstraat;225.0;;;;;2641RS;BERKEL EN RODENRIJS;202212
27GZ;ROC Mondriaan;202212;530953141;Mohamed;van;Cas;'S-GRAVENHAGE;14-10-1999;25319;Assistent mobiliteitsbranche;BBL;;J;;27GZ;ROC Mondriaan;101A783;School voor Entreeopleidingen;N;509;REGIO 28;;;100X746;2521DB;17;;Mbo4 opleidingen;5;Teniersplantsoen;55.0;;;;;2635DB;IJSSELSTEIN UT;202212
27GZ;ROC Mondriaan;202212;277931426;Hoogenboom;;Giuliano Aj Junis David;PIJNACKER-NOOTDORP;22-12-1999;25569;Technicus mechatronica systemen;BOL;;J;;27GZ;ROC Mondriaan;100A173;School voor Pedagogische en Sociale beroepen;N;494;REGIO 28;;;100X753;2544ED;5;;Mbo4 opleidingen;1;Lau Mazirellaan;;;;;;2635KN;'S-GRAVENHAGE;202212
27GZ;ROC Mondriaan;202212;958204472;Someren;van der;Chimène;ARNHEM;03-03-2003;25298;Juridisch-administratief dienstverlener;BBL;;J;;27GZ;ROC Mondriaan;100A186;School voor Metaal-, Elektro- en installatietechniek;N;604;REGIO 26;;;100X750;2612CA;8;;Mbo1 opleidingen;4;Huisduinenstraat;133.0;;;2;;2719TJ;ALPHEN AAN DEN RIJN;202212
27GZ;ROC Mondriaan;202212;509067940;Akchich;Ter;Jacob Stefan;KAAG EN BRAASSEM;18-01-2000;25554;Bedrijfsadministrateur;BOL;;J;;27GZ;ROC Mondriaan;100A176;Beauty, Hair & Fashion;N;1851;REGIO 30;;;100X755;2491BE;17;;Mbo4 opleidingen;2;Bakemaplan;23.0;;;;;2593HD;'S-GRAVENZANDE;202212
27GZ;ROC Mondriaan;202212;729850528;Nispen;;Özgür;ROTTERDAM;20-10-2005;25284;Sport en Bewegen;BOL;;J;;27GZ;ROC Mondriaan;100A188;School voor Retail en Logistiek Delft;N;501;REGIO 21;;;100X754;2544ED;1;;Mbo2 opleidingen;2;Seinpoststraat;220.0;;;;;2493CV;PIJNACKER;202212
27GZ;ROC Mondriaan;202212;357769845;Tuna;;Lotte Frederieke;LANSINGERLAND;12-10-2003;25550;Coördinator sport- en bewegingsagogie;BOL;;J;;27GZ;ROC Mondriaan;100A189;School voor Zorg en Welzijn Westland;N;491;REGIO 28;;;100X755;2544AH;7;;Mbo4 opleidingen;3;de Tol;92.0;;;;;2525RD;'S-GRAVENHAGE;202212
27GZ;ROC Mondriaan;202212;912599268;Bouwmeester;;Damla;DELFT;08-01-2002;25280;Manager/ondernemer horeca;BBL;;J;;27GZ;ROC Mondriaan;100A174;School voor Gezondheidszorg Den Haag;N;1743;REGIO 28;;;100X746;2493WN;7;;Mbo4 opleidingen;1;Oude Haagweg;500.0;;;;;2215LT;ZOETERMEER;202212
27GZ;ROC Mondriaan;202212;860355982;Boubas;;Manal;DORDRECHT;06-01-2003;25285;Fashion Product Coordinator;BOL;;J;;27GZ;ROC Mondriaan;100A174;School voor Zorg en Welzijn Delft;N;1787;REGIO 27;;;100X758;2512ER;1;;Mbo3 opleidingen;3;Seringenlaan;116.0;G;;;;2572GM;Monster;202212
27GZ;ROC Mondriaan;202212;869912593;Schaap;van der;Iris Anjeliqua;'S-GRAVENHAGE;19-04-2002;25545;Manager retail;BOL;;J;;27GZ;ROC Mondriaan;100A195;School voor Gezondheidszorg Den Haag;N;503;REGIO 27;;;111X981;2595GA;45;;Mbo2 opleidingen;1;Lindelaan;1101.0;;;;;2681RP;'S-GRAVENHAGE;202212
27GZ;ROC Mondriaan;202212;604001668;Yıldırım;;Jason Patrick;RIJSWIJK;28-01-2006;25251;Servicemedewerker gebouwen;BOL;;J;;27GZ;ROC Mondriaan;100A177;School voor Gezondheidszorg Den Haag;N;1759;REGIO 28;;;100X746;2521DB;7;;Mbo4 opleidingen;1;Scheepensstraat;195.0;;;;;2631HX;'S-GRAVENHAGE;202212
27GZ;ROC Mondriaan;202212;138149965;Bulut;;Benjamin Salomon;KAAG EN BRAASSEM;27-12-2001;25257;Fashion;BOL;;J;;27GZ;ROC Mondriaan;100A190;School voor Metaal-, Elektro- en installatietechniek;N;1692;REGIO 28;;;100X746;2493WN;15;;Mbo4 opleidingen;2;De Vlashoven;18.0;;;;;3141JE;WATERINGEN;202212
27GZ;ROC Mondriaan;202212;921366291;Fraaij;;Sebastiaan;RIJSWIJK;15-09-2004;25586;Eerste monteur elektrotechnische installaties in de gebouwde omgeving;BOL;;J;;27GZ;ROC Mondriaan;100A191;School voor Pedagogische en Sociale beroepen;N;1800;REGIO 26;;;100X758;2521DB;8;;Mbo1 opleidingen;2;Maanplein;124.0;;;;;2285VS;VLAARDINGEN;202212
27GZ;ROC Mondriaan;202212;968075930;Bertram;;Divanni Levie;ALPHEN AAN DEN RIJN;20-12-2003;25608;Vavo Havo voorexamenklas;BOL;;J;;27GZ;ROC Mondriaan;100A175;International Hotel and Management School;N;1731;REGIO 29;;;111X981;2521DB;14;;Mbo4 opleidingen;1;King Olivereiland;17.0;;;;;2343CS;ZOETERMEER;202212
27GZ;ROC Mondriaan;202212;460359006;Meeberg;;Kim;'S-GRAVENHAGE;27-12-2001;25608;Beveiliger 2;BOL;;J;;27GZ;ROC Mondriaan;100A172;School voor Pedagogische en Sociale beroepen;N;488;REGIO 28;;;100X757;2595GA;6;;Mbo4 opleidingen;1;Buenos Aireshof;20.0;;;;;2201RP;;202212
27GZ;ROC Mondriaan;202212;963017552;Hout;El;Tihanysa Tefany Dominga;'S-GRAVENHAGE;19-09-2005;25445;Retailmedewerker;BOL;;J;;27GZ;ROC Mondriaan;100A179;School voor Maatschappelijke zorg en Verzorgende;N;1713;REGIO 28;;;111X981;2544ED;7;;Mbo4 opleidingen;1;Kepplerstraat;270.0;;;;;2225NZ;'S-GRAVENHAGE;202212
27GZ;ROC Mondriaan;202212;797606759;Pruijn;;Berdan;'S-GRAVENHAGE;04-09-2004;25603;Mbo- Verpleegkunde;BOL;;J;;27GZ;ROC Mondriaan;101A783;VAVO Haaglanden;N;422;REGIO 29;;;100X747;2544ED;15;;Mbo4 opleidingen;1;Van der Stoklaan;18.0;;;316;;2533TJ;;202212
27GZ;ROC Mondriaan;202212;518772797;Alkashto;;Yshana Ashley Radjinie;'S-GRAVENHAGE;11-01-2002;25229;Pedagogisch medewerker kinderopvang;BBL;;J;;27GZ;ROC Mondriaan;100A184;School voor Toerisme en Recreatie;N;607;REGIO 28;;;100X753;2595GA;8;;Mbo1 opleidingen;1;Parelgraslaan;103.0;A;;;;2561TP;HAZERSWOUDE-DORP;202212
27GZ;ROC Mondriaan;202212;897186607;Curiel;van;Nicky;'S-GRAVENHAGE;12-01-2004;25082;Tegelzetter;BOL;;J;;27GZ;ROC Mondriaan;100A177;School voor Economie en Juridische beroepen;N;562;REGIO 28;;;100X746;2512ER;5;;Mbo4 opleidingen;2;Joubertplantsoen;;;;;;2661CN;VOORSCHOTEN;202212
